0-1.0:1215-26.0,187.39
0-1.0:1215-25.0,142.07
0-1.0:1215-26.0,185.48
4-1.0:1215-27.0,134.76
0-1.0:1215-26.0,141.99
0-1.0:1215-29.0,143.55
0-1.0:1215-25.0,178.02
0-1.0:1215-29.0,141.99
4-1.0:1215-29.0,139.14
4-1.0:1215-25.0,269.5
4-1.0:1215-26.0,141.99
0-1.0:1215-26.0,141.99
0-1.0:1215-26.0,131.83
4-1.0:1215-26.0,134.51
4-1.0:1215-25.0,139.14
0-1.0:1215-25.0,139.14
0-1.0:1215-25.0,181.67
4-1.0:1215-27.0,131.83
0-1.0:1215-28.0,152.31
0-1.0:1215-26.0,134.51
0-1.0:1215-25.0,134.51
0-1.0:1215-27.0,249.01
0-1.0:1215-25.0,130.0
4-1.0:1215-27.0,130.0
4-1.0:1215-27.0,130.0
4-1.0:1215-25.0,136.0
4-1.0:1215-26.0,130.0
0-1.0:1215-27.0,130.0
0-1.0:1215-25.0,130.0
4-1.0:1215-28.0,162.54
0-1.0:1215-26.0,130.0
4-1.0:1215-25.0,130.0
0-1.0:1215-26.0,20.48
4-1.0:1215-25.0,16.01
4-1.0:1215-27.0,18.5
0-1.0:1215-25.0,16.34
0-1.0:1215-27.0,15.07
0-1.0:1215-26.0,15.38
0-1.0:1215-28.0,10.83
4-1.0:1215-27.0,142.07
0-1.0:1215-25.0,185.48
0-1.0:1215-27.0,278.29
4-1.0:1215-25.0,175.92
4-1.0:1215-26.0,146.48
4-1.0:1215-26.0,141.99
4-1.0:1215-27.0,139.14
4-1.0:1215-26.0,181.67
4-1.0:1215-25.0,278.29
0-1.0:1215-27.0,139.14
0-1.0:1215-25.0,181.67
0-1.0:1215-26.0,141.99
4-1.0:1215-29.0,131.83
0-1.0:1215-26.0,134.51
0-1.0:1215-26.0,141.99
4-1.0:1215-25.0,131.83
0-1.0:1215-27.0,131.83
4-1.0:1215-27.0,172.1
4-1.0:1215-27.0,131.83
4-1.0:1215-25.0,134.51
4-1.0:1215-27.0,130.03
4-1.0:1215-27.0,130.0
4-1.0:1215-29.0,153.67
4-1.0:1215-25.0,130.0
4-1.0:1215-27.0,130.0
4-1.0:1215-27.0,168.28
0-1.0:1215-27.0,130.0
4-1.0:1215-28.0,130.0
4-1.0:1215-26.0,130.0
0-1.0:1215-26.0,159.27
0-1.0:1215-25.0,249.01
4-1.0:1215-27.0,130.0
4-1.0:1215-28.0,254.08
0-1.0:1215-26.0,132.69
4-1.0:1215-26.0,152.98
0-1.0:1215-27.0,130.0
4-1.0:1215-27.0,130.0
4-1.0:1215-27.0,162.54
0-1.0:1215-29.0,130.0
4-1.0:1215-27.0,292.94
0-1.0:1215-25.0,187.39
4-1.0:1215-26.0,133.29
4-1.0:1215-26.0,133.29
0-1.0:1215-29.0,20.0
0-1.0:1215-25.0,28.11
0-1.0:1215-25.0,25.58
4-1.0:1215-29.0,23.33
4-1.0:1215-26.0,26.42
0-1.0:1215-27.0,29.42
4-1.0:1215-27.0,26.83
0-1.0:1215-26.0,26.83
0-1.0:1215-26.0,56.23
0-1.0:1215-28.0,51.17
0-1.0:1215-27.0,46.67
4-1.0:1215-26.0,59.71
0-1.0:1215-26.0,70.28
4-1.0:1215-29.0,89.92
0-1.0:1215-29.0,63.96
4-1.0:1215-25.0,63.96
4-1.0:1215-25.0,58.34
0-1.0:1215-25.0,226.04
4-1.0:1215-29.0,245.7
0-1.0:1215-25.0,180.83
4-1.0:1215-25.0,166.36
0-1.0:1215-27.0,155.52
4-1.0:1215-25.0,146.48
4-1.0:1215-25.0,135.62
0-1.0:1215-25.0,152.69
4-1.0:1215-25.0,130.0
0-1.0:1215-29.0,251.04
0-1.0:1215-25.0,242.0
4-1.0:1215-25.0,191.36
4-1.0:1215-27.0,212.39
0-1.0:1215-25.0,198.52
0-1.0:1215-25.0,177.69
0-1.0:1215-25.0,152.24
4-1.0:1215-26.0,262.0
0-1.0:1215-27.0,225.83
0-1.0:1215-27.0,211.36
4-1.0:1215-27.0,200.52
4-1.0:1215-27.0,218.52
0-1.0:1215-25.0,280.61
0-1.0:1215-27.0,215.84
0-1.0:1215-28.0,201.96
0-1.0:1215-26.0,149.48
4-1.0:1215-27.0,138.62
4-1.0:1215-28.0,155.69
0-1.0:1215-26.0,130.0
0-1.0:1215-27.0,245.0
4-1.0:1215-25.0,259.35
0-1.0:1215-26.0,194.36
4-1.0:1215-26.0,183.52
0-1.0:1215-25.0,11.45
4-1.0:1215-26.0,12.2
0-1.0:1215-27.0,23.76
0-1.0:1215-27.0,19.43
4-1.0:1215-25.0,18.04
4-1.0:1215-26.0,17.0
0-1.0:1215-27.0,16.13
4-1.0:1215-25.0,15.09
4-1.0:1215-26.0,13.53
4-1.0:1215-25.0,25.43
0-1.0:1215-26.0,30.37
4-1.0:1215-27.0,24.16
0-1.0:1215-29.0,18.66
4-1.0:1215-27.0,17.8
4-1.0:1215-25.0,16.76
4-1.0:1215-29.0,15.2
4-1.0:1215-27.0,13.29
4-1.0:1215-26.0,21.93
0-1.0:1215-25.0,21.06
4-1.0:1215-25.0,22.43
4-1.0:1215-25.0,16.2
4-1.0:1215-26.0,15.16
0-1.0:1215-27.0,14.3
4-1.0:1215-27.0,13.26
4-1.0:1215-26.0,14.89
0-1.0:1215-26.0,19.29
0-1.0:1215-26.0,45.61
0-1.0:1215-29.0,28.95
0-1.0:1215-26.0,19.68
4-1.0:1215-27.0,16.2
4-1.0:1215-28.0,32.1
4-1.0:1215-26.0,16.97
4-1.0:1215-25.0,31.73
0-1.0:1215-25.0,21.34
4-1.0:1215-26.0,19.95
0-1.0:1215-29.0,23.08
4-1.0:1215-26.0,18.05
0-1.0:1215-27.0,17.01
4-1.0:1215-27.0,15.45
0-1.0:1215-26.0,13.54
4-1.0:1215-28.0,22.43
4-1.0:1215-27.0,21.54
4-1.0:1215-26.0,17.95
4-1.0:1215-26.0,16.51
4-1.0:1215-28.0,15.44
0-1.0:1215-29.0,15.13
0-1.0:1215-29.0,10.83
0-1.0:1215-27.0,24.52
0-1.0:1215-25.0,20.03
0-1.0:1215-26.0,18.59
4-1.0:1215-25.0,17.52
0-1.0:1215-27.0,16.62
0-1.0:1215-29.0,15.54
0-1.0:1215-25.0,11.95
0-1.0:1215-25.0,29.12
0-1.0:1215-29.0,26.67
0-1.0:1215-25.0,24.84
0-1.0:1215-27.0,19.18
0-1.0:1215-27.0,22.32
0-1.0:1215-26.0,17.21
4-1.0:1215-25.0,21.79
0-1.0:1215-27.0,18.2
0-1.0:1215-25.0,21.34
4-1.0:1215-25.0,15.69
0-1.0:1215-29.0,14.79
0-1.0:1215-27.0,13.71
4-1.0:1215-27.0,12.1
0-1.0:1215-27.0,10.83
4-1.0:1215-26.0,47.12
0-1.0:1215-25.0,24.31
4-1.0:1215-26.0,25.25
0-1.0:1215-25.0,18.84
0-1.0:1215-29.0,22.05
0-1.0:1215-28.0,16.87
0-1.0:1215-26.0,17.46
0-1.0:1215-27.0,26.43
0-1.0:1215-25.0,27.67
4-1.0:1215-27.0,21.95
4-1.0:1215-27.0,20.51
0-1.0:1215-25.0,23.71
4-1.0:1215-25.0,18.54
0-1.0:1215-26.0,17.46
0-1.0:1215-26.0,27.65
4-1.0:1215-25.0,13.87
4-1.0:1215-25.0,23.7
4-1.0:1215-27.0,17.44
4-1.0:1215-26.0,16.3
0-1.0:1215-27.0,14.22
0-1.0:1215-26.0,14.15
4-1.0:1215-28.0,10.83
4-1.0:1215-26.0,25.78
4-1.0:1215-27.0,24.83
4-1.0:1215-25.0,19.52
0-1.0:1215-25.0,20.52
4-1.0:1215-27.0,17.44
4-1.0:1215-26.0,30.42
4-1.0:1215-25.0,14.59
4-1.0:1215-26.0,12.51
4-1.0:1215-26.0,27.45
0-1.0:1215-28.0,22.71
0-1.0:1215-26.0,21.19
4-1.0:1215-27.0,20.05
4-1.0:1215-27.0,19.1
0-1.0:1215-25.0,16.26
0-1.0:1215-27.0,14.18
4-1.0:1215-29.0,29.21
0-1.0:1215-26.0,17.69
0-1.0:1215-25.0,18.69
0-1.0:1215-26.0,30.85
4-1.0:1215-26.0,14.47
4-1.0:1215-29.0,16.18
0-1.0:1215-26.0,26.03
4-1.0:1215-25.0,25.08
4-1.0:1215-26.0,19.77
0-1.0:1215-25.0,18.64
0-1.0:1215-25.0,18.26
4-1.0:1215-25.0,12.76
0-1.0:1215-25.0,26.75
4-1.0:1215-25.0,28.13
0-1.0:1215-25.0,21.44
4-1.0:1215-27.0,18.22
4-1.0:1215-25.0,19.93
4-1.0:1215-25.0,29.49
0-1.0:1215-26.0,25.08
4-1.0:1215-26.0,22.89
0-1.0:1215-27.0,16.93
4-1.0:1215-25.0,15.68
4-1.0:1215-26.0,11.5
4-1.0:1215-26.0,28.21
4-1.0:1215-27.0,27.17
0-1.0:1215-25.0,22.99
4-1.0:1215-26.0,23.79
0-1.0:1215-27.0,24.98
4-1.0:1215-25.0,23.64
0-1.0:1215-27.0,22.05
0-1.0:1215-28.0,13.58
0-1.0:1215-25.0,28.83
4-1.0:1215-27.0,24.65
4-1.0:1215-27.0,28.24
4-1.0:1215-27.0,26.64
0-1.0:1215-28.0,20.68
0-1.0:1215-28.0,19.43
0-1.0:1215-25.0,17.55
4-1.0:1215-29.0,15.25
4-1.0:1215-25.0,26.38
4-1.0:1215-25.0,25.33
4-1.0:1215-26.0,21.16
0-1.0:1215-26.0,19.48
0-1.0:1215-26.0,18.23
0-1.0:1215-29.0,17.18
0-1.0:1215-27.0,15.93
4-1.0:1215-29.0,14.89
4-1.0:1215-26.0,34.28
0-1.0:1215-27.0,23.24
4-1.0:1215-25.0,25.23
0-1.0:1215-25.0,18.01
4-1.0:1215-25.0,17.91
0-1.0:1215-28.0,25.22
0-1.0:1215-27.0,30.13
4-1.0:1215-28.0,29.08
0-1.0:1215-25.0,30.62
0-1.0:1215-27.0,23.23
4-1.0:1215-27.0,20.93
4-1.0:1215-27.0,19.68
4-1.0:1215-27.0,31.46
0-1.0:1215-26.0,15.5
4-1.0:1215-27.0,18.35
0-1.0:1215-25.0,27.18
0-1.0:1215-25.0,22.65
4-1.0:1215-29.0,23.41
4-1.0:1215-26.0,21.68
4-1.0:1215-26.0,12.46
0-1.0:1215-25.0,30.4
4-1.0:1215-25.0,36.77
4-1.0:1215-25.0,24.74
0-1.0:1215-25.0,28.68
4-1.0:1215-25.0,24.17
4-1.0:1215-25.0,25.5
0-1.0:1215-27.0,19.07
0-1.0:1215-27.0,17.03
0-1.0:1215-25.0,32.07
0-1.0:1215-28.0,34.56
4-1.0:1215-26.0,23.23
4-1.0:1215-28.0,27.16
0-1.0:1215-26.0,20.74
4-1.0:1215-25.0,33.61
4-1.0:1215-27.0,16.21
4-1.0:1215-27.0,28.57
0-1.0:1215-26.0,22.9
0-1.0:1215-25.0,23.87
0-1.0:1215-26.0,19.73
4-1.0:1215-25.0,18.6
0-1.0:1215-25.0,17.24
0-1.0:1215-26.0,17.2
0-1.0:1215-25.0,37.02
4-1.0:1215-28.0,47.57
4-1.0:1215-25.0,43.95
0-1.0:1215-25.0,23.13
4-1.0:1215-26.0,19.32
4-1.0:1215-26.0,17.28
0-1.0:1215-27.0,14.79
0-1.0:1215-25.0,32.32
4-1.0:1215-29.0,31.18
4-1.0:1215-25.0,24.84
4-1.0:1215-25.0,23.48
0-1.0:1215-25.0,22.35
0-1.0:1215-27.0,20.99
4-1.0:1215-25.0,23.08
4-1.0:1215-25.0,16.46
4-1.0:1215-25.0,29.2
0-1.0:1215-28.0,31.12
0-1.0:1215-26.0,28.63
0-1.0:1215-26.0,23.76
4-1.0:1215-27.0,19.71
4-1.0:1215-28.0,20.72
4-1.0:1215-27.0,16.06
4-1.0:1215-26.0,17.12
0-1.0:1215-25.0,32.5
4-1.0:1215-26.0,31.28
4-1.0:1215-26.0,26.42
0-1.0:1215-27.0,24.47
0-1.0:1215-27.0,43.99
4-1.0:1215-25.0,22.8
4-1.0:1215-27.0,20.32
0-1.0:1215-26.0,17.28
4-1.0:1215-27.0,34.17
0-1.0:1215-29.0,62.23
0-1.0:1215-28.0,28.08
4-1.0:1215-25.0,26.14
4-1.0:1215-27.0,22.0
0-1.0:1215-27.0,24.29
0-1.0:1215-28.0,20.87
4-1.0:1215-26.0,39.15
0-1.0:1215-26.0,37.6
0-1.0:1215-25.0,24.58
4-1.0:1215-26.0,21.18
4-1.0:1215-26.0,25.46
0-1.0:1215-26.0,36.8
4-1.0:1215-29.0,16.31
4-1.0:1215-26.0,13.63
4-1.0:1215-25.0,41.24
0-1.0:1215-25.0,31.53
4-1.0:1215-29.0,26.67
4-1.0:1215-27.0,30.97
0-1.0:1215-26.0,23.26
0-1.0:1215-26.0,24.71
4-1.0:1215-25.0,25.68
4-1.0:1215-27.0,18.39
4-1.0:1215-25.0,15.72
4-1.0:1215-27.0,34.42
4-1.0:1215-26.0,62.48
0-1.0:1215-26.0,35.12
0-1.0:1215-27.0,32.63
4-1.0:1215-27.0,24.93
4-1.0:1215-29.0,23.71
4-1.0:1215-27.0,27.34
0-1.0:1215-27.0,20.06
0-1.0:1215-27.0,17.38
0-1.0:1215-27.0,39.85
4-1.0:1215-25.0,23.93
4-1.0:1215-26.0,22.37
4-1.0:1215-26.0,18.26
4-1.0:1215-25.0,34.6
0-1.0:1215-26.0,41.93
0-1.0:1215-25.0,28.1
0-1.0:1215-27.0,26.02
0-1.0:1215-29.0,23.15
4-1.0:1215-29.0,21.59
0-1.0:1215-29.0,19.25
4-1.0:1215-27.0,16.39
0-1.0:1215-25.0,40.47
4-1.0:1215-28.0,34.97
0-1.0:1215-25.0,29.76
0-1.0:1215-28.0,30.77
0-1.0:1215-28.0,32.31
0-1.0:1215-25.0,24.82
4-1.0:1215-25.0,28.65
0-1.0:1215-27.0,18.06
4-1.0:1215-27.0,32.77
0-1.0:1215-29.0,31.47
0-1.0:1215-27.0,24.18
4-1.0:1215-28.0,21.32
4-1.0:1215-26.0,19.76
0-1.0:1215-26.0,22.17
0-1.0:1215-26.0,34.85
0-1.0:1215-25.0,33.55
0-1.0:1215-29.0,54.23
4-1.0:1215-25.0,32.88
4-1.0:1215-27.0,29.23
4-1.0:1215-27.0,41.25
4-1.0:1215-25.0,19.5
0-1.0:1215-26.0,16.64
4-1.0:1215-25.0,30.01
4-1.0:1215-28.0,23.51
0-1.0:1215-25.0,25.92
0-1.0:1215-26.0,18.06
4-1.0:1215-28.0,34.37
4-1.0:1215-28.0,32.99
4-1.0:1215-27.0,27.49
4-1.0:1215-25.0,32.34
4-1.0:1215-25.0,22.27
4-1.0:1215-28.0,20.62
0-1.0:1215-25.0,18.15
4-1.0:1215-27.0,29.58
4-1.0:1215-25.0,34.43
0-1.0:1215-27.0,25.73
4-1.0:1215-27.0,30.56
4-1.0:1215-29.0,28.45
0-1.0:1215-26.0,20.23
0-1.0:1215-27.0,17.2
0-1.0:1215-26.0,38.9
4-1.0:1215-25.0,29.04
4-1.0:1215-26.0,32.23
0-1.0:1215-29.0,24.37
4-1.0:1215-25.0,21.89
0-1.0:1215-28.0,20.91
0-1.0:1215-27.0,34.62
4-1.0:1215-27.0,35.4
4-1.0:1215-25.0,23.89
0-1.0:1215-27.0,22.52
4-1.0:1215-25.0,26.62
4-1.0:1215-26.0,18.4
4-1.0:1215-25.0,15.37
0-1.0:1215-27.0,36.7
0-1.0:1215-28.0,35.33
4-1.0:1215-27.0,29.83
4-1.0:1215-26.0,25.98
4-1.0:1215-25.0,22.95
0-1.0:1215-27.0,20.48
0-1.0:1215-28.0,17.45
0-1.0:1215-29.0,38.37
4-1.0:1215-26.0,36.99
4-1.0:1215-25.0,29.29
4-1.0:1215-27.0,27.64
4-1.0:1215-26.0,26.27
4-1.0:1215-27.0,30.37
4-1.0:1215-25.0,36.13
4-1.0:1215-25.0,28.9
0-1.0:1215-27.0,34.01
4-1.0:1215-25.0,24.86
0-1.0:1215-27.0,23.41
0-1.0:1215-27.0,48.3
0-1.0:1215-26.0,36.77
4-1.0:1215-28.0,30.99
0-1.0:1215-27.0,30.24
0-1.0:1215-26.0,48.96
4-1.0:1215-27.0,23.76
4-1.0:1215-27.0,21.16
0-1.0:1215-25.0,22.42
0-1.0:1215-27.0,39.88
0-1.0:1215-27.0,38.43
0-1.0:1215-26.0,32.65
0-1.0:1215-25.0,33.87
4-1.0:1215-26.0,30.27
0-1.0:1215-29.0,27.16
0-1.0:1215-26.0,24.08
0-1.0:1215-26.0,36.38
0-1.0:1215-29.0,34.93
4-1.0:1215-27.0,37.22
0-1.0:1215-27.0,26.84
0-1.0:1215-26.0,25.11
0-1.0:1215-29.0,27.98
0-1.0:1215-26.0,24.65
0-1.0:1215-28.0,20.58
4-1.0:1215-25.0,38.46
0-1.0:1215-28.0,37.02
0-1.0:1215-29.0,31.24
0-1.0:1215-27.0,36.35
0-1.0:1215-27.0,23.41
0-1.0:1215-26.0,32.28
4-1.0:1215-25.0,24.01
4-1.0:1215-26.0,23.94
4-1.0:1215-29.0,44.92
0-1.0:1215-25.0,48.37
0-1.0:1215-28.0,32.9
4-1.0:1215-27.0,38.01
0-1.0:1215-27.0,27.41
0-1.0:1215-28.0,25.68
4-1.0:1215-27.0,42.2
4-1.0:1215-26.0,24.33
4-1.0:1215-27.0,17.7
4-1.0:1215-26.0,15.01
0-1.0:1215-25.0,12.51
4-1.0:1215-27.0,11.51
0-1.0:1215-27.0,10.83
4-1.0:1215-27.0,12.96
0-1.0:1215-25.0,12.0
0-1.0:1215-25.0,10.83
4-1.0:1215-28.0,13.76
4-1.0:1215-25.0,17.72
4-1.0:1215-27.0,17.09
4-1.0:1215-27.0,14.59
4-1.0:1215-26.0,13.59
4-1.0:1215-28.0,15.85
4-1.0:1215-26.0,12.21
0-1.0:1215-28.0,11.43
4-1.0:1215-26.0,10.88
4-1.0:1215-25.0,19.38
4-1.0:1215-27.0,17.0
4-1.0:1215-29.0,10.83
4-1.0:1215-27.0,15.26
0-1.0:1215-29.0,13.88
0-1.0:1215-25.0,15.75
0-1.0:1215-26.0,17.51
0-1.0:1215-26.0,11.76
4-1.0:1215-27.0,11.01
4-1.0:1215-27.0,13.21
0-1.0:1215-26.0,10.83
4-1.0:1215-29.0,10.83
4-1.0:1215-28.0,17.34
4-1.0:1215-28.0,14.51
0-1.0:1215-25.0,12.46
4-1.0:1215-26.0,11.71
0-1.0:1215-25.0,10.83
0-1.0:1215-28.0,19.63
4-1.0:1215-28.0,19.01
0-1.0:1215-26.0,16.51
4-1.0:1215-26.0,18.72
4-1.0:1215-28.0,14.76
0-1.0:1215-27.0,16.96
0-1.0:1215-26.0,13.38
0-1.0:1215-29.0,12.25
0-1.0:1215-25.0,10.88
4-1.0:1215-26.0,15.63
4-1.0:1215-26.0,12.51
4-1.0:1215-27.0,14.72
4-1.0:1215-26.0,10.83
0-1.0:1215-25.0,10.83
0-1.0:1215-27.0,10.83
0-1.0:1215-27.0,17.72
4-1.0:1215-26.0,21.29
0-1.0:1215-27.0,14.59
0-1.0:1215-27.0,13.59
0-1.0:1215-27.0,11.46
0-1.0:1215-25.0,12.65
4-1.0:1215-26.0,10.83
0-1.0:1215-25.0,21.45
0-1.0:1215-26.0,18.76
0-1.0:1215-29.0,15.26
0-1.0:1215-27.0,14.51
0-1.0:1215-25.0,13.88
4-1.0:1215-26.0,10.83
0-1.0:1215-26.0,20.25
4-1.0:1215-27.0,17.25
0-1.0:1215-26.0,12.76
0-1.0:1215-28.0,11.76
4-1.0:1215-25.0,14.01
0-1.0:1215-27.0,11.72
0-1.0:1215-28.0,12.25
0-1.0:1215-28.0,10.83
4-1.0:1215-25.0,14.01
0-1.0:1215-26.0,17.97
0-1.0:1215-25.0,17.34
0-1.0:1215-27.0,15.36
4-1.0:1215-26.0,13.09
4-1.0:1215-26.0,12.96
0-1.0:1215-27.0,11.68
0-1.0:1215-26.0,23.2
0-1.0:1215-26.0,14.13
4-1.0:1215-27.0,13.38
0-1.0:1215-25.0,14.56
4-1.0:1215-27.0,10.88
0-1.0:1215-25.0,15.63
0-1.0:1215-27.0,15.01
0-1.0:1215-25.0,16.0
0-1.0:1215-27.0,13.03
0-1.0:1215-26.0,13.76
4-1.0:1215-25.0,10.83
4-1.0:1215-27.0,10.83
4-1.0:1215-26.0,17.72
4-1.0:1215-27.0,18.09
0-1.0:1215-27.0,13.59
0-1.0:1215-28.0,12.21
0-1.0:1215-26.0,20.84
4-1.0:1215-27.0,10.83
0-1.0:1215-28.0,10.83
4-1.0:1215-26.0,19.38
0-1.0:1215-26.0,20.75
0-1.0:1215-27.0,19.75
0-1.0:1215-25.0,15.26
0-1.0:1215-27.0,14.51
0-1.0:1215-27.0,13.88
0-1.0:1215-28.0,13.13
4-1.0:1215-27.0,12.0
0-1.0:1215-27.0,15.88
4-1.0:1215-29.0,16.25
0-1.0:1215-25.0,12.25
4-1.0:1215-25.0,10.83
0-1.0:1215-27.0,10.83
0-1.0:1215-27.0,17.97
0-1.0:1215-28.0,32.35
0-1.0:1215-28.0,18.34
4-1.0:1215-27.0,13.84
0-1.0:1215-25.0,12.46
0-1.0:1215-27.0,10.83
0-1.0:1215-25.0,19.63
4-1.0:1215-27.0,19.01
0-1.0:1215-29.0,16.51
0-1.0:1215-26.0,15.51
0-1.0:1215-27.0,16.18
4-1.0:1215-29.0,14.13
4-1.0:1215-27.0,15.86
4-1.0:1215-28.0,19.5
0-1.0:1215-27.0,12.69
4-1.0:1215-26.0,11.68
4-1.0:1215-26.0,13.97
0-1.0:1215-26.0,10.83
4-1.0:1215-27.0,16.75
4-1.0:1215-27.0,10.83
4-1.0:1215-25.0,17.95
0-1.0:1215-26.0,17.31
4-1.0:1215-25.0,14.77
4-1.0:1215-27.0,16.06
0-1.0:1215-29.0,12.36
4-1.0:1215-27.0,11.6
4-1.0:1215-29.0,10.83
4-1.0:1215-27.0,11.02
0-1.0:1215-26.0,16.44
0-1.0:1215-27.0,14.03
0-1.0:1215-26.0,12.13
4-1.0:1215-27.0,10.83
4-1.0:1215-29.0,16.11
0-1.0:1215-27.0,19.5
0-1.0:1215-26.0,12.94
4-1.0:1215-28.0,15.2
0-1.0:1215-26.0,11.87
0-1.0:1215-26.0,10.83
0-1.0:1215-25.0,10.83
0-1.0:1215-27.0,14.21
0-1.0:1215-27.0,18.2
4-1.0:1215-26.0,17.56
0-1.0:1215-29.0,15.02
0-1.0:1215-26.0,13.25
0-1.0:1215-27.0,12.61
0-1.0:1215-27.0,14.52
0-1.0:1215-25.0,10.83
0-1.0:1215-27.0,10.83
4-1.0:1215-25.0,35.73
4-1.0:1215-29.0,23.5
0-1.0:1215-25.0,16.69
0-1.0:1215-27.0,18.95
0-1.0:1215-29.0,14.28
0-1.0:1215-25.0,18.93
0-1.0:1215-27.0,12.38
0-1.0:1215-25.0,21.98
4-1.0:1215-25.0,16.19
4-1.0:1215-25.0,13.49
4-1.0:1215-26.0,15.85
0-1.0:1215-26.0,14.82
4-1.0:1215-27.0,13.95
4-1.0:1215-25.0,12.92
0-1.0:1215-27.0,10.83
0-1.0:1215-26.0,10.83
4-1.0:1215-28.0,18.27
0-1.0:1215-29.0,19.31
0-1.0:1215-26.0,13.68
4-1.0:1215-26.0,16.04
0-1.0:1215-27.0,10.83
4-1.0:1215-26.0,19.94
4-1.0:1215-25.0,20.98
4-1.0:1215-25.0,16.16
0-1.0:1215-25.0,20.28
4-1.0:1215-27.0,15.12
0-1.0:1215-25.0,13.23
0-1.0:1215-26.0,17.11
0-1.0:1215-25.0,13.74
4-1.0:1215-26.0,12.66
4-1.0:1215-26.0,11.18
0-1.0:1215-27.0,10.83
4-1.0:1215-26.0,10.83
4-1.0:1215-27.0,21.49
0-1.0:1215-26.0,23.01
0-1.0:1215-27.0,19.56
4-1.0:1215-29.0,14.74
0-1.0:1215-27.0,13.93
4-1.0:1215-25.0,12.45
4-1.0:1215-27.0,11.24
4-1.0:1215-27.0,11.81
0-1.0:1215-25.0,20.86
0-1.0:1215-27.0,24.67
4-1.0:1215-27.0,19.33
4-1.0:1215-26.0,16.41
0-1.0:1215-26.0,18.82
4-1.0:1215-25.0,17.95
0-1.0:1215-27.0,22.76
0-1.0:1215-26.0,34.28
0-1.0:1215-28.0,16.75
0-1.0:1215-27.0,14.75
0-1.0:1215-25.0,13.66
4-1.0:1215-29.0,10.83
0-1.0:1215-25.0,10.83
4-1.0:1215-26.0,22.76
4-1.0:1215-26.0,36.37
0-1.0:1215-25.0,16.37
4-1.0:1215-29.0,15.23
4-1.0:1215-26.0,14.37
0-1.0:1215-26.0,11.51
4-1.0:1215-29.0,10.83
4-1.0:1215-26.0,21.61
4-1.0:1215-27.0,20.89
0-1.0:1215-28.0,18.03
0-1.0:1215-25.0,20.5
4-1.0:1215-27.0,16.03
4-1.0:1215-26.0,14.46
0-1.0:1215-26.0,15.77
4-1.0:1215-27.0,11.61
4-1.0:1215-25.0,20.48
0-1.0:1215-27.0,17.39
0-1.0:1215-25.0,14.53
0-1.0:1215-27.0,13.14
0-1.0:1215-27.0,24.82
4-1.0:1215-27.0,11.82
4-1.0:1215-27.0,13.91
4-1.0:1215-25.0,10.83
4-1.0:1215-28.0,20.19
4-1.0:1215-27.0,15.48
4-1.0:1215-26.0,14.62
0-1.0:1215-26.0,13.9
4-1.0:1215-27.0,11.76
4-1.0:1215-26.0,18.28
0-1.0:1215-28.0,17.14
0-1.0:1215-26.0,16.28
0-1.0:1215-25.0,15.57
0-1.0:1215-25.0,14.71
0-1.0:1215-25.0,13.43
0-1.0:1215-26.0,11.86
0-1.0:1215-25.0,18.85
0-1.0:1215-25.0,18.1
0-1.0:1215-27.0,19.25
4-1.0:1215-29.0,15.59
0-1.0:1215-29.0,25.18
0-1.0:1215-25.0,21.33
0-1.0:1215-27.0,17.76
4-1.0:1215-25.0,15.06
4-1.0:1215-25.0,17.68
4-1.0:1215-25.0,13.4
0-1.0:1215-27.0,12.04
4-1.0:1215-28.0,21.85
4-1.0:1215-27.0,18.83
4-1.0:1215-26.0,17.63
0-1.0:1215-25.0,28.08
0-1.0:1215-25.0,15.06
4-1.0:1215-27.0,13.71
4-1.0:1215-27.0,12.05
4-1.0:1215-26.0,19.1
4-1.0:1215-25.0,19.5
4-1.0:1215-26.0,13.22
0-1.0:1215-26.0,11.56
0-1.0:1215-27.0,11.5
4-1.0:1215-25.0,10.83
4-1.0:1215-29.0,21.19
0-1.0:1215-26.0,20.43
0-1.0:1215-26.0,17.42
4-1.0:1215-26.0,20.04
0-1.0:1215-28.0,28.17
0-1.0:1215-29.0,14.55
0-1.0:1215-25.0,16.77
0-1.0:1215-27.0,12.29
0-1.0:1215-28.0,10.83
0-1.0:1215-27.0,22.85
4-1.0:1215-27.0,24.45
0-1.0:1215-28.0,19.08
4-1.0:1215-27.0,17.88
0-1.0:1215-27.0,16.97
4-1.0:1215-26.0,16.22
4-1.0:1215-26.0,18.44
4-1.0:1215-27.0,13.96
0-1.0:1215-25.0,19.77
0-1.0:1215-27.0,18.98
4-1.0:1215-25.0,15.82
4-1.0:1215-27.0,14.55
4-1.0:1215-26.0,12.81
0-1.0:1215-27.0,11.86
0-1.0:1215-25.0,10.83
0-1.0:1215-25.0,10.83
0-1.0:1215-27.0,41.55
4-1.0:1215-28.0,39.97
4-1.0:1215-25.0,22.32
4-1.0:1215-29.0,16.64
4-1.0:1215-25.0,15.69
4-1.0:1215-26.0,14.9
4-1.0:1215-27.0,13.95
4-1.0:1215-26.0,12.52
4-1.0:1215-26.0,22.73
4-1.0:1215-27.0,19.57
0-1.0:1215-26.0,22.36
4-1.0:1215-28.0,30.9
4-1.0:1215-27.0,16.56
0-1.0:1215-25.0,15.61
0-1.0:1215-26.0,14.19
4-1.0:1215-25.0,14.88
4-1.0:1215-27.0,25.54
4-1.0:1215-27.0,19.23
0-1.0:1215-25.0,14.8
0-1.0:1215-27.0,27.4
4-1.0:1215-26.0,15.42
0-1.0:1215-26.0,10.83
4-1.0:1215-27.0,27.62
4-1.0:1215-25.0,21.32
4-1.0:1215-27.0,18.15
4-1.0:1215-26.0,16.89
4-1.0:1215-28.0,15.94
0-1.0:1215-26.0,15.15
0-1.0:1215-27.0,14.2
4-1.0:1215-25.0,13.46
4-1.0:1215-26.0,23.77
4-1.0:1215-25.0,28.28
0-1.0:1215-26.0,19.82
0-1.0:1215-26.0,18.55
4-1.0:1215-27.0,17.6
0-1.0:1215-25.0,20.39
4-1.0:1215-26.0,17.35
0-1.0:1215-25.0,15.13
4-1.0:1215-27.0,26.13
4-1.0:1215-27.0,19.64
0-1.0:1215-29.0,16.37
4-1.0:1215-27.0,15.06
4-1.0:1215-25.0,14.08
4-1.0:1215-25.0,13.26
4-1.0:1215-27.0,12.28
0-1.0:1215-26.0,13.8
0-1.0:1215-26.0,28.22
0-1.0:1215-25.0,21.73
0-1.0:1215-27.0,18.45
0-1.0:1215-25.0,17.14
0-1.0:1215-28.0,18.01
0-1.0:1215-26.0,15.34
4-1.0:1215-26.0,11.09
0-1.0:1215-27.0,24.21
4-1.0:1215-28.0,20.12
4-1.0:1215-26.0,22.98
0-1.0:1215-29.0,17.83
0-1.0:1215-26.0,17.01
0-1.0:1215-26.0,16.03
0-1.0:1215-27.0,14.55
0-1.0:1215-26.0,20.71
4-1.0:1215-27.0,19.89
4-1.0:1215-29.0,16.62
4-1.0:1215-26.0,15.0
0-1.0:1215-26.0,13.51
0-1.0:1215-27.0,12.53
4-1.0:1215-27.0,11.05
4-1.0:1215-27.0,10.83
4-1.0:1215-27.0,28.47
4-1.0:1215-29.0,21.98
4-1.0:1215-27.0,17.39
4-1.0:1215-27.0,18.26
0-1.0:1215-25.0,17.33
0-1.0:1215-25.0,14.61
4-1.0:1215-25.0,14.55
0-1.0:1215-25.0,11.34
4-1.0:1215-28.0,44.85
0-1.0:1215-27.0,26.22
4-1.0:1215-26.0,20.37
0-1.0:1215-25.0,19.06
4-1.0:1215-29.0,21.98
4-1.0:1215-26.0,17.26
4-1.0:1215-27.0,16.28
4-1.0:1215-25.0,14.8
0-1.0:1215-25.0,15.5
0-1.0:1215-25.0,21.61
4-1.0:1215-25.0,26.41
0-1.0:1215-27.0,17.29
0-1.0:1215-25.0,14.87
0-1.0:1215-26.0,14.0
4-1.0:1215-27.0,12.97
0-1.0:1215-25.0,22.74
4-1.0:1215-26.0,29.6
4-1.0:1215-25.0,22.83
0-1.0:1215-27.0,19.37
4-1.0:1215-29.0,22.33
4-1.0:1215-26.0,16.09
0-1.0:1215-27.0,18.59
4-1.0:1215-26.0,11.59
0-1.0:1215-27.0,25.36
0-1.0:1215-28.0,24.5
0-1.0:1215-26.0,21.04
4-1.0:1215-27.0,19.66
4-1.0:1215-27.0,17.75
4-1.0:1215-28.0,16.72
0-1.0:1215-27.0,15.16
4-1.0:1215-26.0,13.26
0-1.0:1215-25.0,24.7
0-1.0:1215-27.0,21.0
4-1.0:1215-25.0,19.81
4-1.0:1215-27.0,20.5
0-1.0:1215-25.0,15.12
0-1.0:1215-26.0,14.78
4-1.0:1215-27.0,10.83
4-1.0:1215-25.0,26.78
4-1.0:1215-27.0,23.08
4-1.0:1215-27.0,24.34
4-1.0:1215-27.0,17.2
4-1.0:1215-25.0,16.34
4-1.0:1215-26.0,16.86
4-1.0:1215-27.0,11.84
4-1.0:1215-25.0,27.47
0-1.0:1215-26.0,19.91
0-1.0:1215-27.0,22.93
0-1.0:1215-26.0,18.0
4-1.0:1215-27.0,20.51
4-1.0:1215-27.0,15.41
4-1.0:1215-25.0,13.51
0-1.0:1215-25.0,30.35
0-1.0:1215-25.0,19.07
4-1.0:1215-28.0,22.34
4-1.0:1215-26.0,20.88
4-1.0:1215-27.0,15.44
4-1.0:1215-25.0,18.21
4-1.0:1215-25.0,12.58
0-1.0:1215-27.0,11.84
0-1.0:1215-25.0,49.52
4-1.0:1215-25.0,21.15
4-1.0:1215-26.0,26.57
0-1.0:1215-26.0,16.38
4-1.0:1215-26.0,18.11
4-1.0:1215-27.0,13.35
4-1.0:1215-25.0,51.19
4-1.0:1215-26.0,49.29
0-1.0:1215-26.0,28.03
4-1.0:1215-26.0,21.29
4-1.0:1215-27.0,24.63
4-1.0:1215-25.0,18.05
4-1.0:1215-27.0,17.1
0-1.0:1215-25.0,27.15
0-1.0:1215-25.0,23.13
4-1.0:1215-27.0,24.53
4-1.0:1215-27.0,17.79
0-1.0:1215-26.0,16.65
4-1.0:1215-25.0,15.69
0-1.0:1215-26.0,14.55
4-1.0:1215-27.0,16.27
4-1.0:1215-25.0,10.83
0-1.0:1215-26.0,26.17
4-1.0:1215-28.0,25.21
0-1.0:1215-26.0,26.61
0-1.0:1215-25.0,24.67
0-1.0:1215-26.0,18.73
0-1.0:1215-25.0,17.78
0-1.0:1215-26.0,16.63
4-1.0:1215-27.0,12.82
4-1.0:1215-29.0,23.07
0-1.0:1215-26.0,26.34
0-1.0:1215-26.0,20.4
0-1.0:1215-25.0,23.67
4-1.0:1215-26.0,22.21
4-1.0:1215-29.0,16.58
4-1.0:1215-27.0,14.49
4-1.0:1215-26.0,28.11
0-1.0:1215-26.0,26.36
4-1.0:1215-27.0,35.49
0-1.0:1215-25.0,16.74
0-1.0:1215-25.0,15.5
4-1.0:1215-29.0,17.4
4-1.0:1215-27.0,11.36
4-1.0:1215-26.0,26.88
0-1.0:1215-26.0,21.09
4-1.0:1215-26.0,21.86
4-1.0:1215-29.0,19.48
0-1.0:1215-27.0,11.36
0-1.0:1215-27.0,36.7
0-1.0:1215-25.0,27.17
4-1.0:1215-26.0,22.76
0-1.0:1215-26.0,21.52
4-1.0:1215-27.0,25.11
4-1.0:1215-25.0,34.7
4-1.0:1215-25.0,26.08
4-1.0:1215-25.0,20.91
0-1.0:1215-29.0,19.26
0-1.0:1215-27.0,22.92
4-1.0:1215-27.0,21.61
4-1.0:1215-26.0,15.75
4-1.0:1215-27.0,17.65
4-1.0:1215-25.0,11.61
0-1.0:1215-25.0,23.0
4-1.0:1215-27.0,21.34
4-1.0:1215-27.0,25.01
4-1.0:1215-25.0,19.07
0-1.0:1215-29.0,22.11
4-1.0:1215-27.0,13.7
4-1.0:1215-25.0,29.83
4-1.0:1215-27.0,35.39
0-1.0:1215-25.0,30.36
0-1.0:1215-27.0,26.67
4-1.0:1215-25.0,20.74
4-1.0:1215-26.0,19.5
4-1.0:1215-27.0,21.4
4-1.0:1215-27.0,16.74
0-1.0:1215-26.0,35.48
4-1.0:1215-25.0,26.63
0-1.0:1215-26.0,19.09
4-1.0:1215-29.0,17.98
4-1.0:1215-25.0,16.65
0-1.0:1215-27.0,15.61
0-1.0:1215-25.0,29.83
4-1.0:1215-27.0,28.72
4-1.0:1215-26.0,30.47
4-1.0:1215-27.0,28.2
4-1.0:1215-26.0,26.5
0-1.0:1215-25.0,20.06
0-1.0:1215-25.0,23.37
0-1.0:1215-25.0,20.82
0-1.0:1215-27.0,26.53
4-1.0:1215-25.0,30.38
0-1.0:1215-26.0,25.94
4-1.0:1215-25.0,22.84
0-1.0:1215-26.0,25.04
0-1.0:1215-25.0,18.4
0-1.0:1215-28.0,19.36
4-1.0:1215-27.0,55.81
0-1.0:1215-25.0,34.31
4-1.0:1215-26.0,44.7
0-1.0:1215-28.0,26.36
4-1.0:1215-27.0,19.34
0-1.0:1215-27.0,18.23
0-1.0:1215-26.0,19.15
0-1.0:1215-26.0,14.9
4-1.0:1215-27.0,37.82
4-1.0:1215-29.0,28.97
0-1.0:1215-28.0,26.75
0-1.0:1215-25.0,20.31
0-1.0:1215-29.0,20.65
4-1.0:1215-26.0,19.98
0-1.0:1215-27.0,14.54
4-1.0:1215-28.0,35.5
0-1.0:1215-26.0,30.63
4-1.0:1215-29.0,30.11
4-1.0:1215-27.0,23.09
4-1.0:1215-28.0,24.41
0-1.0:1215-25.0,20.65
4-1.0:1215-27.0,20.63
4-1.0:1215-25.0,16.21
4-1.0:1215-26.0,30.26
4-1.0:1215-27.0,24.65
0-1.0:1215-25.0,20.4
0-1.0:1215-25.0,24.53
4-1.0:1215-25.0,15.66
0-1.0:1215-26.0,26.03
4-1.0:1215-27.0,30.56
4-1.0:1215-26.0,32.37
4-1.0:1215-25.0,26.73
0-1.0:1215-25.0,22.49
0-1.0:1215-29.0,21.3
0-1.0:1215-25.0,37.58
0-1.0:1215-27.0,17.74
0-1.0:1215-26.0,18.74
0-1.0:1215-26.0,33.41
4-1.0:1215-27.0,32.22
4-1.0:1215-25.0,25.58
0-1.0:1215-25.0,24.16
4-1.0:1215-25.0,42.09
0-1.0:1215-26.0,21.54
4-1.0:1215-27.0,16.8
4-1.0:1215-26.0,29.91
4-1.0:1215-29.0,28.72
0-1.0:1215-25.0,30.54
0-1.0:1215-27.0,22.08
4-1.0:1215-27.0,19.47
4-1.0:1215-26.0,18.04
4-1.0:1215-27.0,16.23
4-1.0:1215-25.0,14.99
0-1.0:1215-27.0,14.99
0-1.0:1215-26.0,40.19
0-1.0:1215-27.0,38.68
4-1.0:1215-26.0,26.06
0-1.0:1215-28.0,24.16
0-1.0:1215-26.0,24.04
4-1.0:1215-27.0,20.13
4-1.0:1215-27.0,17.99
4-1.0:1215-27.0,15.38
0-1.0:1215-26.0,33.66
0-1.0:1215-25.0,33.05
0-1.0:1215-27.0,51.33
0-1.0:1215-25.0,28.65
0-1.0:1215-25.0,24.4
0-1.0:1215-29.0,23.22
0-1.0:1215-26.0,21.8
0-1.0:1215-27.0,19.66
0-1.0:1215-27.0,31.35
0-1.0:1215-29.0,30.09
0-1.0:1215-26.0,25.08
0-1.0:1215-26.0,23.07
4-1.0:1215-29.0,21.57
4-1.0:1215-25.0,16.55
4-1.0:1215-26.0,13.79
0-1.0:1215-27.0,33.43
4-1.0:1215-29.0,32.17
0-1.0:1215-25.0,25.15
4-1.0:1215-26.0,23.65
0-1.0:1215-27.0,42.71
0-1.0:1215-25.0,278.95
4-1.0:1215-26.0,190.5
0-1.0:1215-26.0,525.98
4-1.0:1215-26.0,406.1
4-1.0:1215-26.0,646.82
4-1.0:1215-28.0,598.68
4-1.0:1215-25.0,356.78
0-1.0:1215-26.0,333.58
0-1.0:1215-26.0,256.63
0-1.0:1215-26.0,755.27
0-1.0:1215-27.0,364.1
4-1.0:1215-25.0,303.92
4-1.0:1215-27.0,279.84
0-1.0:1215-26.0,490.47
4-1.0:1215-27.0,202.4
4-1.0:1215-26.0,489.73
0-1.0:1215-28.0,439.29
4-1.0:1215-25.0,226.6
0-1.0:1215-27.0,424.15
4-1.0:1215-25.0,348.92
0-1.0:1215-27.0,321.84
4-1.0:1215-26.0,565.56
0-1.0:1215-27.0,291.74
0-1.0:1215-25.0,273.68
0-1.0:1215-25.0,301.95
4-1.0:1215-27.0,213.5
4-1.0:1215-26.0,218.5
0-1.0:1215-25.0,358.3
0-1.0:1215-27.0,291.05
4-1.0:1215-27.0,348.0
4-1.0:1215-26.0,513.11
4-1.0:1215-27.0,303.48
0-1.0:1215-28.0,208.79
4-1.0:1215-25.0,174.0
4-1.0:1215-26.0,420.46
0-1.0:1215-28.0,429.65
4-1.0:1215-27.0,397.28
0-1.0:1215-26.0,538.11
0-1.0:1215-29.0,262.26
4-1.0:1215-27.0,261.48
0-1.0:1215-25.0,440.46
4-1.0:1215-29.0,424.63
4-1.0:1215-27.0,361.36
4-1.0:1215-27.0,301.26
4-1.0:1215-26.0,313.73
4-1.0:1215-28.0,281.48
0-1.0:1215-26.0,267.56
4-1.0:1215-26.0,398.46
4-1.0:1215-27.0,382.63
0-1.0:1215-26.0,294.05
4-1.0:1215-25.0,275.07
4-1.0:1215-27.0,330.77
0-1.0:1215-27.0,240.26
0-1.0:1215-26.0,177.0
0-1.0:1215-25.0,423.46
4-1.0:1215-29.0,344.36
0-1.0:1215-29.0,357.64
0-1.0:1215-25.0,355.77
0-1.0:1215-25.0,236.79
0-1.0:1215-25.0,202.0
4-1.0:1215-27.0,839.83
4-1.0:1215-26.0,364.36
0-1.0:1215-26.0,339.05
0-1.0:1215-25.0,320.07
0-1.0:1215-29.0,338.22
0-1.0:1215-28.0,285.26
0-1.0:1215-29.0,315.07
0-1.0:1215-28.0,177.0
4-1.0:1215-21.0,19.34
4-1.0:1215-22.0,18.23
0-1.0:1215-21.0,16.9
0-1.0:1215-21.0,16.88
4-1.0:1215-21.0,12.46
0-1.0:1215-21.0,30.08
0-1.0:1215-22.0,36.4
4-1.0:1215-21.0,27.53
4-1.0:1215-21.0,22.75
0-1.0:1215-21.0,21.42
4-1.0:1215-21.0,18.98
0-1.0:1215-21.0,16.98
4-1.0:1215-21.0,14.54
4-1.0:1215-21.0,59.96
4-1.0:1215-21.0,57.34
0-1.0:1215-22.0,32.39
0-1.0:1215-21.0,27.18
0-1.0:1215-22.0,28.41
4-1.0:1215-22.0,21.98
4-1.0:1215-21.0,20.65
0-1.0:1215-22.0,18.65
4-1.0:1215-21.0,16.21
0-1.0:1215-22.0,28.47
4-1.0:1215-22.0,30.29
4-1.0:1215-21.0,21.83
